{"cameraMode":{"drawMode":0,"name":"Shaded","section":"Shading Mode"},"sceneLighting":false,"audioPlay":false,"sceneViewState":{"m_AlwaysRefresh":false,"showFog":true,"showSkybox":false,"showFlares":true,"showImageEffects":true,"showParticleSystems":true,"showVisualEffectGraphs":true,"m_FxEnabled":true},"in2DMode":false,"pivot":{"x":0.03187119960784912,"y":0.6117532253265381,"z":0.1113654375076294},"rotation":{"x":-0.13767528533935548,"y":-0.7120007872581482,"z":0.1454300433397293,"w":-0.6731126308441162},"size":1.0700268745422364,"orthographic":false}